{
  "Ansi 5 Color" : {
    "Red Component" : 0.42352941630000002,
    "Color Space" : "sRGB",
    "Blue Component" : 0.76862746479999999,
    "Alpha Component" : 1,
    "Green Component" : 0.4431372583
  },
  "Working Directory" : "\/Users\/aob",
  "Prompt Before Closing 2" : false,
  "Selected Text Color" : {
    "Red Component" : 0.10381066799163818,
    "Color Space" : "sRGB",
    "Blue Component" : 0.10381066799163818,
    "Alpha Component" : 1,
    "Green Component" : 0.10381066799163818
  },
  "Rows" : 25,
  "Ansi 11 Color" : {
    "Red Component" : 0.76722425222396851,
    "Color Space" : "sRGB",
    "Blue Component" : 0.35033353381421151,
    "Alpha Component" : 1,
    "Green Component" : 0.66588066067872387
  },
  "Use Italic Font" : true,
  "Foreground Color" : {
    "Red Component" : 0.10524487495422363,
    "Color Space" : "sRGB",
    "Blue Component" : 0.10524487495422363,
    "Alpha Component" : 1,
    "Green Component" : 0.10524487495422363
  },
  "Right Option Key Sends" : 0,
  "Character Encoding" : 4,
  "Selection Color" : {
    "Red Component" : 0.86274509803921573,
    "Color Space" : "sRGB",
    "Blue Component" : 0.86274509803921573,
    "Alpha Component" : 1,
    "Green Component" : 0.86274509803921573
  },
  "Mouse Reporting" : true,
  "Cursor Boost" : 0,
  "Ansi 4 Color" : {
    "Red Component" : 0.3960784376,
    "Color Space" : "sRGB",
    "Blue Component" : 0.51372551919999998,
    "Alpha Component" : 1,
    "Green Component" : 0.48235294220000002
  },
  "Non-ASCII Anti Aliased" : true,
  "Sync Title" : false,
  "Disable Window Resizing" : true,
  "Description" : "Default",
  "Close Sessions On End" : true,
  "Jobs to Ignore" : [
    "rlogin",
    "ssh",
    "slogin",
    "telnet"
  ],
  "Scrollback Lines" : 0,
  "Brighten Bold Text" : true,
  "Flashing Bell" : false,
  "Cursor Guide Color" : {
    "Red Component" : 0.94461929798126221,
    "Color Space" : "sRGB",
    "Blue Component" : 0.94461929798126221,
    "Alpha Component" : 1,
    "Green Component" : 0.94461929798126221
  },
  "BM Growl" : true,
  "Ansi 3 Color" : {
    "Red Component" : 0.55373247046158725,
    "Color Space" : "sRGB",
    "Blue Component" : 0.4225872720998467,
    "Alpha Component" : 1,
    "Green Component" : 0.58823531866073608
  },
  "Use Non-ASCII Font" : false,
  "Link Color" : {
    "Red Component" : 0.22892975807189941,
    "Color Space" : "sRGB",
    "Blue Component" : 0.22892975807189941,
    "Alpha Component" : 1,
    "Green Component" : 0.22892975807189941
  },
  "Use Custom Tab Title" : false,
  "Shortcut" : "",
  "Background Image Location" : "",
  "Bold Color" : {
    "Red Component" : 0.20000000300000001,
    "Color Space" : "sRGB",
    "Blue Component" : 0.20000000300000001,
    "Alpha Component" : 1,
    "Green Component" : 0.20000000300000001
  },
  "Use Cursor Guide" : false,
  "Unlimited Scrollback" : true,
  "Custom Command" : "No",
  "Keyboard Map" : {
    "0xf700-0x260000" : {
      "Text" : "[1;6A",
      "Action" : 10
    },
    "0x37-0x40000" : {
      "Text" : "0x1f",
      "Action" : 11
    },
    "0x32-0x40000" : {
      "Text" : "0x00",
      "Action" : 11
    },
    "0xf709-0x20000" : {
      "Text" : "[17;2~",
      "Action" : 10
    },
    "0xf70c-0x20000" : {
      "Text" : "[20;2~",
      "Action" : 10
    },
    "0xf729-0x20000" : {
      "Text" : "[1;2H",
      "Action" : 10
    },
    "0xf72b-0x40000" : {
      "Text" : "[1;5F",
      "Action" : 10
    },
    "0xf705-0x20000" : {
      "Text" : "[1;2Q",
      "Action" : 10
    },
    "0xf703-0x260000" : {
      "Text" : "[1;6C",
      "Action" : 10
    },
    "0xf700-0x220000" : {
      "Text" : "[1;2A",
      "Action" : 10
    },
    "0xf701-0x280000" : {
      "Text" : "0x1b 0x1b 0x5b 0x42",
      "Action" : 11
    },
    "0x38-0x40000" : {
      "Text" : "0x7f",
      "Action" : 11
    },
    "0x33-0x40000" : {
      "Text" : "0x1b",
      "Action" : 11
    },
    "0xf703-0x220000" : {
      "Text" : "[1;2C",
      "Action" : 10
    },
    "0xf701-0x240000" : {
      "Text" : "[1;5B",
      "Action" : 10
    },
    "0xf70d-0x20000" : {
      "Text" : "[21;2~",
      "Action" : 10
    },
    "0xf702-0x260000" : {
      "Text" : "[1;6D",
      "Action" : 10
    },
    "0xf729-0x40000" : {
      "Text" : "[1;5H",
      "Action" : 10
    },
    "0xf706-0x20000" : {
      "Text" : "[1;2R",
      "Action" : 10
    },
    "0x34-0x40000" : {
      "Text" : "0x1c",
      "Action" : 11
    },
    "0xf700-0x280000" : {
      "Text" : "0x1b 0x1b 0x5b 0x41",
      "Action" : 11
    },
    "0x2d-0x40000" : {
      "Text" : "0x1f",
      "Action" : 11
    },
    "0xf70e-0x20000" : {
      "Text" : "[23;2~",
      "Action" : 10
    },
    "0xf702-0x220000" : {
      "Text" : "[1;2D",
      "Action" : 10
    },
    "0xf703-0x280000" : {
      "Text" : "0x1b 0x1b 0x5b 0x43",
      "Action" : 11
    },
    "0xf700-0x240000" : {
      "Text" : "[1;5A",
      "Action" : 10
    },
    "0xf707-0x20000" : {
      "Text" : "[1;2S",
      "Action" : 10
    },
    "0xf70a-0x20000" : {
      "Text" : "[18;2~",
      "Action" : 10
    },
    "0x35-0x40000" : {
      "Text" : "0x1d",
      "Action" : 11
    },
    "0xf70f-0x20000" : {
      "Text" : "[24;2~",
      "Action" : 10
    },
    "0xf703-0x240000" : {
      "Text" : "[1;5C",
      "Action" : 10
    },
    "0xf701-0x260000" : {
      "Text" : "[1;6B",
      "Action" : 10
    },
    "0xf702-0x280000" : {
      "Text" : "0x1b 0x1b 0x5b 0x44",
      "Action" : 11
    },
    "0xf72b-0x20000" : {
      "Text" : "[1;2F",
      "Action" : 10
    },
    "0x36-0x40000" : {
      "Text" : "0x1e",
      "Action" : 11
    },
    "0xf708-0x20000" : {
      "Text" : "[15;2~",
      "Action" : 10
    },
    "0xf701-0x220000" : {
      "Text" : "[1;2B",
      "Action" : 10
    },
    "0xf70b-0x20000" : {
      "Text" : "[19;2~",
      "Action" : 10
    },
    "0xf702-0x240000" : {
      "Text" : "[1;5D",
      "Action" : 10
    },
    "0xf704-0x20000" : {
      "Text" : "[1;2P",
      "Action" : 10
    }
  },
  "Ansi 14 Color" : {
    "Red Component" : 0.16470588235294117,
    "Color Space" : "sRGB",
    "Blue Component" : 0.59607843137254901,
    "Alpha Component" : 1,
    "Green Component" : 0.63137254901960782
  },
  "Ansi 2 Color" : {
    "Red Component" : 0.57647061349999995,
    "Color Space" : "sRGB",
    "Blue Component" : 0.63137257099999999,
    "Alpha Component" : 1,
    "Green Component" : 0.63137257099999999
  },
  "Send Code When Idle" : false,
  "ASCII Anti Aliased" : true,
  "Tags" : [

  ],
  "Ansi 9 Color" : {
    "Red Component" : 0.86274509803921573,
    "Color Space" : "sRGB",
    "Blue Component" : 0.18431372549019609,
    "Alpha Component" : 1,
    "Green Component" : 0.19607843137254902
  },
  "Use Bold Font" : true,
  "Silence Bell" : false,
  "Ansi 12 Color" : {
    "Red Component" : 0.14901960784313725,
    "Color Space" : "sRGB",
    "Blue Component" : 0.82352941176470584,
    "Alpha Component" : 1,
    "Green Component" : 0.54509803921568623
  },
  "Window Type" : 0,
  "Use Bright Bold" : true,
  "Has Hotkey" : false,
  "Cursor Text Color" : {
    "Red Component" : 0.7914130687713623,
    "Color Space" : "sRGB",
    "Blue Component" : 0.7914130687713623,
    "Alpha Component" : 1,
    "Green Component" : 0.7914130687713623
  },
  "Default Bookmark" : "No",
  "Cursor Color" : {
    "Red Component" : 0.1647646427154541,
    "Color Space" : "sRGB",
    "Blue Component" : 0.1647646427154541,
    "Alpha Component" : 1,
    "Green Component" : 0.1647646427154541
  },
  "Ansi 1 Color" : {
    "Red Component" : 0.79607844350000001,
    "Color Space" : "sRGB",
    "Blue Component" : 0.086274512110000007,
    "Alpha Component" : 1,
    "Green Component" : 0.2941176593
  },
  "Name" : "bw",
  "Blinking Cursor" : false,
  "Guid" : "2C9C8F7B-3B6F-41C5-9807-975806F4A7A2",
  "Ansi 8 Color" : {
    "Red Component" : 0.041013836860656738,
    "Color Space" : "sRGB",
    "Blue Component" : 0.041013836860656738,